step,target_lataccel,current_lataccel,error,abs_error,action,jerk,v_ego,a_ego,roll_lataccel
100,0.7849590151357849,0.8455522971652005,-0.06059328202941561,0.06059328202941561,0.09679646790027618,,30.37087438071805,-0.0252040664830758,0.4834587393574892
101,0.7837080994509437,0.8357771260997069,-0.05206902664876323,0.05206902664876323,0.07928209006786346,-0.09775171065493637,30.37295902635384,-0.0035412322022423,0.48063861146409
102,0.7846893952335534,0.806451612903226,-0.021762217669672568,0.021762217669672568,0.07735829055309296,-0.2932551319648091,30.37169803649823,0.0064881475968999,0.4804898443089183
103,0.7866213454196146,0.7380254154447705,0.048595929974844077,0.048595929974844077,0.08285456150770187,-0.6842619745845546,30.36124942962268,-0.0728477293599561,0.4824761739894652
104,0.7905082085004494,0.8162267839687196,-0.025718575468270166,0.025718575468270166,0.10406892001628876,0.782013685239491,30.36400247253085,-0.0045311429820183,0.48452066640328567
105,0.7952279447311144,0.806451612903226,-0.011223668172111623,0.011223668172111623,0.08144480735063553,-0.09775171065493637,30.358861268837583,-0.0366206276255509,0.48767706363869556
106,0.79755019362504,0.806451612903226,-0.008901419278185996,0.008901419278185996,0.07915961742401123,0.0,30.36106756485584,0.0022270020745002,0.490833410263064
107,0.7961057071969573,0.8455522971652005,-0.04944658996824325,0.04944658996824325,0.08291497826576233,0.3910068426197455,30.354936050067074,-0.0233656952984694,0.4901903592879882
108,0.7934294027204164,0.8553274682306942,-0.06189806551027777,0.06189806551027777,0.07400473952293396,0.09775171065493637,30.35395901555348,-0.0150490064620171,0.4865521803659613
109,0.7888778240909837,0.8357771260997069,-0.046899302008723165,0.046899302008723165,0.06621631979942322,-0.19550342130987275,30.34832468326423,-0.0435288730435275,0.48291135231225246
110,0.7859754500928652,0.8260019550342133,-0.04002650494134807,0.04002650494134807,0.06994675099849701,-0.09775171065493637,30.337178099649226,-0.0916109315063937,0.47924107319288994
111,0.785933570251222,0.7771260997067451,0.008807470544476947,0.008807470544476947,0.0704779177904129,-0.4887585532746819,30.330644218852644,-0.0660723164862123,0.47557072682854473
112,0.7820712575925234,0.7673509286412514,0.014720328951271955,0.014720328951271955,0.08402964472770691,-0.09775171065493637,30.319401008898144,-0.0828971942295462,0.47164225714723956
113,0.7794685627812495,0.6891495601173023,0.09031900266394721,0.09031900266394721,0.09295869618654251,-0.782013685239491,30.331630465793264,0.0488762658959928,0.4674737700066603
114,0.7779439357417137,0.6500488758553278,0.12789505988638594,0.12789505988638594,0.12250715494155884,-0.3910068426197455,30.335897265822787,0.056620437397251,0.4636683173672933
115,0.7902745509077901,0.6598240469208214,0.13045050398696867,0.13045050398696867,0.14888615906238556,0.09775171065493637,30.34820422292156,0.0864907195591239,0.466215716262564
116,0.7939923941965757,0.6891495601173023,0.10484283407927342,0.10484283407927342,0.1665477603673935,0.2932551319648091,30.353166976480303,0.0578028121578165,0.46876308364993674
117,0.7992291126284622,0.7184750733137832,0.08075403931467895,0.08075403931467895,0.17544448375701904,0.2932551319648091,30.35031003304833,-0.0014121376063228,0.4721328202210398
118,0.8033062025800031,0.7380254154447705,0.06528078713523255,0.06528078713523255,0.1816825568675995,0.19550342130987275,30.3486687738831,0.0062466484903312,0.47624376433066395
119,0.8027349558710349,0.7478005865102642,0.054934369360770785,0.054934369360770785,0.18788988888263702,0.09775171065493637,30.333161325256214,-0.1073301797380518,0.4799777296482483
120,0.8028031002098492,0.8260019550342133,-0.023198854824364012,0.023198854824364012,0.1952940821647644,0.782013685239491,30.33899193251609,0.0023460746773131,0.4774516280632977
121,0.8027890972733388,0.8651026392961878,-0.062313542022849,0.062313542022849,0.17714281380176544,0.3910068426197455,30.33711329762601,-0.0180825152059086,0.47492549474408574
122,0.8010681028508703,0.8357771260997069,-0.034709023248836623,0.034709023248836623,0.16669829189777374,-0.2932551319648091,30.342673743091684,0.0207998992258072,0.4750739236895635
123,0.7987372945197958,0.8455522971652005,-0.046815002645404724,0.046815002645404724,0.1687694936990738,0.09775171065493637,30.344157529501445,0.0263177219658515,0.477591638990046
124,0.8004039390380834,0.8260019550342133,-0.025598015996129875,0.025598015996129875,0.16346058249473572,-0.19550342130987275,30.343366116209893,-0.0051902234085402,0.4801907937659611
125,0.806356076451455,0.8162267839687196,-0.009870707517264599,0.009870707517264599,0.16714903712272644,-0.09775171065493637,30.345523255318533,0.0120886189816823,0.484131012100191
126,0.807675840377543,0.8455522971652005,-0.0378764567876575,0.0378764567876575,0.17670129239559174,0.2932551319648091,30.342924485955177,-0.015345328153526,0.4880711521426963
127,0.8094066001774263,0.8748778103616814,-0.06547121018425517,0.06547121018425517,0.17480799555778503,0.2932551319648091,30.34918888791153,0.0305553117169838,0.4917449315513743
128,0.8089316050449948,0.9042033235581624,-0.09527171851316751,0.09527171851316751,0.16983109712600708,0.2932551319648091,30.34405987919641,-0.0197635936066963,0.49520688052568285
129,0.8103931961073008,0.913978494623656,-0.10358529851635523,0.10358529851635523,0.16521306335926056,0.09775171065493637,30.350054596820545,0.0321966697642843,0.49859788573408254
130,0.8139111478526835,0.9237536656891496,-0.10984251783646615,0.10984251783646615,0.1620982587337494,0.09775171065493637,30.349617319345448,0.0171655271917523,0.5007892352296727
131,0.814182384027636,0.8455522971652005,-0.03136991313756454,0.03136991313756454,0.15191903710365295,-0.782013685239491,30.34750777486925,-0.0308131753244204,0.5029805596717546
132,0.8043026553859753,0.806451612903226,-0.002148957517250638,0.002148957517250638,0.1687401682138443,-0.3910068426197455,30.36063646262352,0.0701309547079994,0.5023314282362499
133,0.8023007433730595,0.7184750733137832,0.08382567005927621,0.08382567005927621,0.1820908784866333,-0.8797653958944274,30.355717805065265,-0.0184022468489095,0.49912838352337213
134,0.8005818727148755,0.7184750733137832,0.08210679940109222,0.08210679940109222,0.2126091569662094,0.0,30.364312749989622,0.0371926301638656,0.49590704295699295
135,0.7985140744566823,0.7086999022482896,0.08981417220839272,0.08981417220839272,0.21953453123569489,-0.09775171065493637,30.362156916336755,0.0032185690973359,0.49236216004771854
136,0.7982831797283184,0.7184750733137832,0.07980810641453517,0.07980810641453517,0.23174332082271576,0.09775171065493637,30.366579622977365,0.0211362698230696,0.4888172126838722
137,0.7968499961077814,0.6891495601173023,0.10770043599047907,0.10770043599047907,0.24187085032463074,-0.2932551319648091,30.36560258832314,0.0082648662695637,0.4865085083427761
138,0.7958439813782763,0.7282502443792769,0.0675937369989994,0.0675937369989994,0.25346463918685913,0.3910068426197455,30.361766089382577,-0.0294433729461511,0.48521377494876744
139,0.8003683665351813,0.6598240469208214,0.14054431961435987,0.14054431961435987,0.2531357705593109,-0.6842619745845546,30.36230040557,-0.0066594483756529,0.4837484658885896
140,0.8029747176216543,0.7282502443792769,0.07472447324237741,0.07472447324237741,0.2854280173778534,0.6842619745845546,30.359169406705146,-0.0273500851094821,0.47971095490014204
141,0.8028075297086168,0.669599217986315,0.13320831172230174,0.13320831172230174,0.26860079169273376,-0.5865102639296182,30.36200549580487,0.0190027912605762,0.4756733624567265
142,0.798379170191941,0.698924731182796,0.09945443900914508,0.09945443900914508,0.2867022752761841,0.2932551319648091,30.355334733244145,-0.0266207774247872,0.4709225681956092
143,0.7641021175394715,0.7282502443792769,0.03585187316019467,0.03585187316019467,0.28141599893569946,0.2932551319648091,30.365309485433965,0.0556019906576532,0.4655475080818679
144,0.7615446720931899,0.7673509286412514,-0.00580625654806155,0.00580625654806155,0.2714495062828064,0.3910068426197455,30.374455405686536,0.087628464140894,0.4604153398428799
145,0.7590676191890899,0.7478005865102642,0.011267032678825784,0.011267032678825784,0.25089213252067566,-0.19550342130987275,30.3814080273625,0.0589682821651281,0.45897127213875444
146,0.7579839570575059,0.7086999022482896,0.04928405480921627,0.04928405480921627,0.24675239622592926,-0.3910068426197455,30.391471600164213,0.0884206864071972,0.4575271944673336
147,0.738788940642764,0.6402737047898341,0.09851523585292987,0.09851523585292987,0.24545137584209442,-0.6842619745845546,30.3872303258402,0.0048873234555947,0.4599329092052871
148,0.7343879387568555,0.6304985337243405,0.10388940503251498,0.10388940503251498,0.2568129599094391,-0.09775171065493637,30.39319833679539,0.0420498571662603,0.46580477254699243
149,0.7278685347497823,0.669599217986315,0.05826931676346725,0.05826931676346725,0.25465309619903564,0.3910068426197455,30.38601749930976,-0.030465738974673,0.4713545171648666
150,0.7093291517056277,0.6891495601173023,0.020179591588325385,0.020179591588325385,0.23488366603851318,0.19550342130987275,30.382999534006828,-0.0517513685916469,0.4715590075185106
151,0.6498619367061782,0.7184750733137832,-0.06861313660760504,0.06861313660760504,0.21684782207012177,0.2932551319648091,30.38137084439457,-0.0303159978855379,0.4717634976667785
152,0.6491291542724476,0.7478005865102642,-0.0986714322378166,0.0986714322378166,0.1959289014339447,0.2932551319648091,30.37981398379993,-0.0206909771687781,0.4709792549848887
153,0.640068253096313,0.7086999022482896,-0.06863164915197661,0.06863164915197661,0.17026425898075104,-0.3910068426197455,30.38890225181576,0.0544443184865667,0.4693462244669371
154,0.5999317638872618,0.6304985337243405,-0.030566769837078733,0.030566769837078733,0.1647389680147171,-0.782013685239491,30.391234273922866,0.0280118767894104,0.4675900034471548
155,0.6018508759210442,0.6598240469208214,-0.05797317099977717,0.05797317099977717,0.1766807585954666,0.2932551319648091,30.40138804493044,0.0685422523782085,0.46417449321763454
156,0.5991347259056918,0.698924731182796,-0.09979000527710413,0.09979000527710413,0.16768914461135864,0.3910068426197455,30.400905541290857,0.0248938955556674,0.4607589265938376
157,0.5976930449949915,0.6891495601173023,-0.09145651512231079,0.09145651512231079,0.14938464760780334,-0.09775171065493637,30.39703612981176,-0.0249623612329828,0.4577546866556855
158,0.596813260792154,0.7086999022482896,-0.11188664145613558,0.11188664145613558,0.14608611166477203,0.19550342130987275,30.395934602431435,-0.0149300633360643,0.4550788137383291
159,0.5980972831187615,0.7184750733137832,-0.1203777901950217,0.1203777901950217,0.14193950593471527,0.09775171065493637,30.38901386677012,-0.0490638821512651,0.45253539636623075
160,0.6087863973246728,0.6500488758553278,-0.04126247853065501,0.04126247853065501,0.13878516852855682,-0.6842619745845546,30.396636738207423,0.0261217853191422,0.4530383410790023
161,0.617427138290683,0.5522971652003914,0.06512997309029156,0.06512997309029156,0.15994398295879364,-0.9775171065493637,30.400004325112725,0.0298677184230213,0.4535412845984354
162,0.6305408414097698,0.5425219941348978,0.08801884727487208,0.08801884727487208,0.198111891746521,-0.09775171065493637,30.40482978514689,0.046844748777518,0.4555733481208764
163,0.6652103722391162,0.5229716520039105,0.14223872023520567,0.14223872023520567,0.22289100289344788,-0.19550342130987275,30.40114656788601,0.0009952749336078,0.45889825070448453
164,0.6962562631634853,0.5327468230694041,0.1635094400940812,0.1635094400940812,0.25485748052597046,0.09775171065493637,30.39795970079188,-0.0241587176180016,0.46153987481534703
165,0.6932233978791121,0.6304985337243405,0.06272486415477163,0.06272486415477163,0.27601727843284607,0.9775171065493637,30.399530017248,0.0008905020796562,0.452112359030037
166,0.7354372222254746,0.7184750733137832,0.016962148911691344,0.016962148911691344,0.27556657791137695,0.8797653958944274,30.400829813672384,0.0087154339535634,0.442684424792676
167,0.7754802527434667,0.7086999022482896,0.06678035049517705,0.06678035049517705,0.2687682807445526,-0.09775171065493637,30.408974732809103,0.0488557117115486,0.43361204711650975
168,0.7662826646605152,0.7575757575757578,0.00870690708475741,0.00870690708475741,0.28462332487106323,0.4887585532746819,30.41041061021239,0.0322560205520142,0.42482318557408905
169,0.8242138780163701,0.7282502443792769,0.09596363363709326,0.09596363363709326,0.29428911209106445,-0.2932551319648091,30.414605518956385,0.035889548663974,0.4170174361052035
170,0.8526123259222894,0.7966764418377323,0.055935884084557075,0.055935884084557075,0.32448965311050415,0.6842619745845546,30.41327019333094,0.0145049527264535,0.4244450755861162
171,0.8678728884670084,0.7966764418377323,0.07119644662927604,0.07119644662927604,0.3198888301849365,0.0,30.40556037541196,-0.0518701493947626,0.4318724712945448
172,0.8691318049970139,0.806451612903226,0.06268019209378795,0.06268019209378795,0.3325565457344055,0.09775171065493637,30.402410271201408,-0.0356058497801397,0.44892321632880994
173,0.8944719766926644,0.806451612903226,0.08802036378943845,0.08802036378943845,0.3489721417427063,0.0,30.39670138081768,-0.0454406132015585,0.4743029773021127
174,0.911996132222805,0.7869012707722387,0.12509486145056625,0.12509486145056625,0.3630235493183136,-0.19550342130987275,30.402562459794257,0.020341460033687,0.49896309723957727
175,0.935855033758738,0.8260019550342133,0.10985307872452477,0.10985307872452477,0.3861996829509735,0.3910068426197455,30.404663580778124,0.0232787514468351,0.5115685154749062
176,0.9420849822576072,0.8260019550342133,0.11608302722339392,0.11608302722339392,0.4006214141845703,0.0,30.409675697598527,0.0388039613301413,0.5241730868067237
177,0.9381975195165784,0.8651026392961878,0.07309488022039057,0.07309488022039057,0.41653579473495483,0.3910068426197455,30.41273770444233,0.0427525024982437,0.5253304375137745
178,0.9314947281071774,0.9824046920821115,-0.05090996397493408,0.05090996397493408,0.42154353857040405,1.1730205278592365,30.409645448481967,-0.0035840301762049,0.517269330897531
179,0.9197806501526028,1.0117302052785924,-0.09194955512598957,0.09194955512598957,0.3965266942977905,0.2932551319648091,30.410491391406595,-0.0034108626583943,0.5089915141184362
180,0.908710432222518,0.9628543499511242,-0.05414391772860616,0.05414391772860616,0.3902636766433716,-0.4887585532746819,30.40460934070448,-0.0353709309253866,0.4970532845561971
181,0.9000586487697061,0.9726295210166178,-0.07257087224691172,0.07257087224691172,0.397271990776062,0.09775171065493637,30.40434118416997,0.0029308162673424,0.4851143169399046
182,0.8934511659120059,0.913978494623656,-0.020527328711650084,0.020527328711650084,0.3899175226688385,-0.5865102639296182,30.4015538437693,-0.0019477855622634,0.4793404015216382
183,0.8937212716362661,0.9237536656891496,-0.030032394052883493,0.030032394052883493,0.40689346194267273,0.09775171065493637,30.412299168616933,0.0639355694801406,0.47858595544654386
184,0.8942131895820568,0.9335288367546433,-0.03931564717258651,0.03931564717258651,0.40539777278900146,0.09775171065493637,30.417724936367296,0.07010410547135,0.4780414858819952
185,0.8965498372354573,0.913978494623656,-0.017428657388198654,0.017428657388198654,0.4032180607318878,-0.19550342130987275,30.4180465490765,0.0095910948490649,0.4809182667621386
186,0.8995239458565609,0.9726295210166178,-0.07310557516005689,0.07310557516005689,0.4090460240840912,0.5865102639296182,30.42545433155661,0.0396584832413062,0.48379500618645704
187,0.8998776955354738,0.913978494623656,-0.014100799088182181,0.014100799088182181,0.390859991312027,-0.5865102639296182,30.420915643683085,-0.0185981938388395,0.4842202896401071
188,0.8989279669968885,0.913978494623656,-0.015050527626767507,0.015050527626767507,0.40278980135917664,0.0,30.424958883650163,0.0326861543703924,0.4823662296036644
189,0.8971617982637956,0.8846529814271751,0.012508816836620529,0.012508816836620529,0.40017667412757874,-0.2932551319648091,30.42376294392265,0.0156534205330001,0.4804848757256509
190,0.8933372393185293,0.8553274682306942,0.0380097710878351,0.0380097710878351,0.4078347980976105,-0.2932551319648091,30.428829156762568,0.0377243326361139,0.47814081462636465
191,0.8904271920305212,0.8651026392961878,0.025324552734333428,0.025324552734333428,0.4141661524772644,0.09775171065493637,30.435263566389608,0.0640018530623075,0.4757967261621906
192,0.8781885079107641,0.9042033235581624,-0.02601481564739827,0.02601481564739827,0.40927013754844666,0.3910068426197455,30.438353678690493,0.0302990671497774,0.47564335775536115
193,0.8793485553951956,0.9433040078201369,-0.06395545242494127,0.06395545242494127,0.39415213465690613,0.3910068426197455,30.448117645155737,0.0673486483480496,0.4774393637252296
194,0.8824971053981178,0.9042033235581624,-0.021706218160044588,0.021706218160044588,0.371602863073349,-0.3910068426197455,30.44451713844949,0.0098192523687878,0.4792451771530779
195,0.8875263543595519,0.9042033235581624,-0.016676969198610503,0.016676969198610503,0.36892610788345337,0.0,30.44567995610432,0.0048999289010743,0.4812217246807861
196,0.8713764287757482,0.913978494623656,-0.04260206584790782,0.04260206584790782,0.35670873522758484,0.09775171065493637,30.45332882427804,0.0615923245072106,0.4831982526261913
197,0.8534346101142412,0.913978494623656,-0.060543884509414836,0.060543884509414836,0.33851534128189087,0.0,30.45826572674851,0.0513427168469834,0.4835375413746823
198,0.8213177402952652,0.8748778103616814,-0.05356007006641628,0.05356007006641628,0.31803321838378906,-0.3910068426197455,30.465512052433223,0.0599749186850285,0.4823068859616477
199,0.8076446613955115,0.8357771260997069,-0.028132464704195392,0.028132464704195392,0.31216490268707275,-0.3910068426197455,30.45968932964232,-0.0330049736061719,0.4806766996204974
200,0.7969535927064688,0.7771260997067451,0.01982749299972375,0.01982749299972375,0.3091563582420349,-0.5865102639296182,30.46213413758056,0.0102450611681434,0.4726127415076605
201,0.7746141077249791,0.7673509286412514,0.007263179083727644,0.007263179083727644,0.31601741909980774,-0.09775171065493637,30.45411329825054,-0.0307179858570693,0.4645484632913299
202,0.7484002630352034,0.7282502443792769,0.02015001865592647,0.02015001865592647,0.3075482249259949,-0.3910068426197455,30.455806270452868,-0.0014358835458067,0.4589240968461204
203,0.7221116542077437,0.7184750733137832,0.0036365808939604616,0.0036365808939604616,0.3098614811897278,-0.09775171065493637,30.45721288456403,0.0128675574504065,0.4555095033511421
204,0.7030375634666698,0.7575757575757578,-0.054538194109088,0.054538194109088,0.30587276816368103,0.3910068426197455,30.45421316692004,-0.0124446139342398,0.45233856627967367
205,0.6855842077541248,0.698924731182796,-0.013340523428671203,0.013340523428671203,0.2892317771911621,-0.5865102639296182,30.4558726602246,-0.0022532650309001,0.4527331410863645
206,0.6701439358905287,0.6598240469208214,0.010319888969707258,0.010319888969707258,0.2966969907283783,-0.3910068426197455,30.45269661002414,-0.0393370862708297,0.45312771515906775
207,0.6708788017829785,0.669599217986315,0.001279583796663486,0.001279583796663486,0.30506807565689087,0.09775171065493637,30.45571183452002,0.0032036148478119,0.4509358115642987
208,0.6554477955143665,0.6793743890518087,-0.023926593537442198,0.023926593537442198,0.3034266531467438,0.09775171065493637,30.45232909025877,-0.0082161194070526,0.44633715262157486
209,0.6509850707053412,0.6500488758553278,0.0009361948500133943,0.0009361948500133943,0.30235373973846436,-0.2932551319648091,30.444429207115665,-0.044466603258626,0.4421675131456813
210,0.6388810296236105,0.6109481915933532,0.027932838030257257,0.027932838030257257,0.30983126163482666,-0.3910068426197455,30.44415060816044,-0.0106065344507019,0.4465937230377164
211,0.6454229196264988,0.5816226783968723,0.06380024122962646,0.06380024122962646,0.32743677496910095,-0.2932551319648091,30.443395769092493,-0.0144816753670181,0.45101984182717036
212,0.6524871482089528,0.6207233626588469,0.03176378555010595,0.03176378555010595,0.3465637266635895,0.3910068426197455,30.4459718314588,0.0003563265224681,0.4521872448879038
213,0.6549149317424321,0.6598240469208214,-0.004909115178389323,0.004909115178389323,0.34742891788482666,0.3910068426197455,30.44853390510301,0.0134600186374996,0.45043359294453844
214,0.6514623773157711,0.669599217986315,-0.018136840670543997,0.018136840670543997,0.3445586860179901,0.09775171065493637,30.453174100717806,0.0430542987924973,0.44865640517188005
215,0.6672747475635709,0.669599217986315,-0.002324470422744196,0.002324470422744196,0.34909042716026306,0.0,30.450523613067023,0.0133798134550974,0.44650809884799697
216,0.6860614096641604,0.6109481915933532,0.07511321807080718,0.07511321807080718,0.35416319966316223,-0.5865102639296182,30.448434685660864,-0.0155623086379609,0.444359771066138
217,0.698559706287957,0.7086999022482896,-0.010140195960332554,0.010140195960332554,0.3784200847148895,0.9775171065493637,30.45579444121953,0.0566432052832588,0.4471440907004631
218,0.7140451085330531,0.7673509286412514,-0.05330582010819829,0.05330582010819829,0.36284273862838745,0.5865102639296182,30.447703387825857,-0.0458400059975213,0.45433120040774366
219,0.7573394093342802,0.7673509286412514,-0.010011519306971195,0.010011519306971195,0.34926190972328186,0.0,30.45088862928107,-0.0103790140752659,0.4610514126437831
220,0.7646566430944441,0.7966764418377323,-0.0320197987432882,0.0320197987432882,0.3495396375656128,0.2932551319648091,30.4432151793096,-0.0510666763091078,0.46029923866605327
221,0.7922123132685032,0.7380254154447705,0.05418689782373265,0.05418689782373265,0.34305936098098755,-0.5865102639296182,30.43544094118761,-0.0676169313433738,0.4595470619762731
222,0.8183592318489873,0.7184750733137832,0.09988415853520405,0.09988415853520405,0.3636125326156616,-0.19550342130987275,30.4289900169889,-0.0608596233770013,0.4561944928681144
223,0.8117497608764961,0.7673509286412514,0.044398832235244656,0.044398832235244656,0.3753998279571533,0.4887585532746819,30.428673833135303,-0.0160512285608472,0.4507812373903334
224,0.8052070846192381,0.7966764418377323,0.008530642781505726,0.008530642781505726,0.36677008867263794,0.2932551319648091,30.43381440917249,0.0270625435578762,0.4455604726519065
225,0.7988097343465408,0.8260019550342133,-0.027192220687672464,0.027192220687672464,0.358965665102005,0.2932551319648091,30.433820721921645,-0.0013584441447821,0.44477085565881075
226,0.7969738913879254,0.8357771260997069,-0.03880323471178149,0.03880323471178149,0.3482327461242676,0.09775171065493637,30.438774038306704,0.0329448232896262,0.44398123577818505
227,0.7972907314971114,0.806451612903226,-0.009160881406114596,0.009160881406114596,0.34101617336273193,-0.2932551319648091,30.43089112509918,-0.0308984058458713,0.4447606731972461
228,0.7999511117935135,0.8455522971652005,-0.045601185371687,0.045601185371687,0.345999151468277,0.3910068426197455,30.42738379767564,-0.040899527948432,0.446926494984602
229,0.8017298613027506,0.8553274682306942,-0.053597606927943575,0.053597606927943575,0.3323245644569397,0.09775171065493637,30.42761969907195,0.0025816903721096,0.4488300921372558
230,0.8013038234615654,0.8651026392961878,-0.06379881583462244,0.06379881583462244,0.3238891661167145,0.09775171065493637,30.415714595676093,-0.0675052070750255,0.4467785237813657
231,0.8012393298487284,0.8651026392961878,-0.06386330944745944,0.06386330944745944,0.31402426958084106,0.0,30.424844624701205,0.0168713326040669,0.44472693584459905
232,0.8010705565877487,0.8748778103616814,-0.07380725377393271,0.07380725377393271,0.308737188577652,0.09775171065493637,30.4260221944331,0.0234316730909153,0.44253363009387164
233,0.7979180132856016,0.8455522971652005,-0.04763428387959889,0.04763428387959889,0.29682856798171997,-0.2932551319648091,30.42700279156644,0.0206785094552262,0.4402241530035664
234,0.7946128524119784,0.8162267839687196,-0.021613931556741184,0.021613931556741184,0.29823386669158936,-0.2932551319648091,30.42955687868483,0.0226560855436523,0.4380622770309609
235,0.7968731000492149,0.8357771260997069,-0.038904026050492035,0.038904026050492035,0.30292150378227234,0.19550342130987275,30.423471381193337,-0.0334361528169899,0.43828251471456997
236,0.8097755930760416,0.8553274682306942,-0.04555187515465253,0.04555187515465253,0.2963900566101074,0.19550342130987275,30.416544051115704,-0.0508406235576194,0.43850275217683665
237,0.8178248892009262,0.8162267839687196,0.0015981052322066036,0.0015981052322066036,0.2882891297340393,-0.3910068426197455,30.41032559959368,-0.0607751625606361,0.4372280293467029
238,0.8144143251396945,0.8260019550342133,-0.01158762989451878,0.01158762989451878,0.2965092957019806,0.09775171065493637,30.4137506939055,0.0002503060136984,0.4347306391936946
239,0.8223859107146003,0.8553274682306942,-0.032941557516093845,0.032941557516093845,0.2973140776157379,0.2932551319648091,30.420247679120024,0.0496644259704532,0.43232805972833266
240,0.8330821196854059,0.806451612903226,0.02663050678217993,0.02663050678217993,0.28941595554351807,-0.4887585532746819,30.414599927571302,-0.0098390567132233,0.43141748803008945
241,0.8335300900431657,0.8162267839687196,0.01730330607444608,0.01730330607444608,0.3017459511756897,0.09775171065493637,30.4179190220672,0.0091361528652645,0.4305069126076683
242,0.8290189250189759,0.8162267839687196,0.012792141050256278,0.012792141050256278,0.30282822251319885,0.0,30.415377005512163,-0.0066694018515947,0.4290356648715712
243,0.8256604859832928,0.8846529814271751,-0.0589924954438823,0.0589924954438823,0.3037418723106384,0.6842619745845546,30.411435771916967,-0.0330625209391767,0.4270964478518146
244,0.8264272096868781,0.8455522971652005,-0.019125087478322422,0.019125087478322422,0.2830549478530884,-0.3910068426197455,30.40944702596583,-0.0289499002792505,0.42531638162040386
245,0.8280506789839905,0.8553274682306942,-0.027276789246703625,0.027276789246703625,0.2901621162891388,0.09775171065493637,30.41007465269916,-0.0114150950528817,0.4260943248454612
246,0.8399807892567566,0.8162267839687196,0.02375400528803695,0.02375400528803695,0.28695929050445557,-0.3910068426197455,30.40597025806157,-0.033079108058981,0.42687226538590267
247,0.8414240036096347,0.7771260997067451,0.06429790390288959,0.06429790390288959,0.2979150414466858,-0.3910068426197455,30.407864396558804,0.0028912473148043,0.4290316368960898
248,0.8330453211622499,0.7086999022482896,0.12434541891396034,0.12434541891396034,0.31159085035324097,-0.6842619745845546,30.41822077793269,0.0706927912482391,0.43240243751463797
249,0.8338568579357534,0.7380254154447705,0.09583144249098285,0.09583144249098285,0.3390074372291565,0.2932551319648091,30.426696799924883,0.0808697398358903,0.4357509506434569
250,0.836765716707909,0.7869012707722387,0.0498644459356703,0.0498644459356703,0.3422415852546692,0.4887585532746819,30.42588671601576,0.0153362669321119,0.4386785717189848
251,0.8373919127864252,0.8260019550342133,0.011389957752211965,0.011389957752211965,0.3392987847328186,0.3910068426197455,30.425390466770693,-0.0038571758366476,0.4416061536472286
252,0.8386280927558821,0.8748778103616814,-0.036249717605799314,0.036249717605799314,0.33468785881996155,0.4887585532746819,30.418722620459327,-0.0488711505543145,0.4437737685993074
253,0.8410846997222895,0.9042033235581624,-0.06311862383587286,0.06311862383587286,0.32331976294517517,0.2932551319648091,30.41785428359133,-0.0190864609708215,0.44525759713729546
254,0.8425375579521971,0.9237536656891496,-0.08121610773695254,0.08121610773695254,0.313413143157959,0.19550342130987275,30.417711776732467,-0.0061528402959346,0.4465352878171343
255,0.8394641025673839,0.9237536656891496,-0.08428956312176572,0.08428956312176572,0.3032744228839874,0.0,30.41003677446018,-0.0525491487328577,0.4429784534193336
256,0.8361398553753945,0.8846529814271751,-0.0485131260517806,0.0485131260517806,0.2972821295261383,-0.3910068426197455,30.40853218875456,-0.0307048594719334,0.4394215606682256
257,0.8335297044659132,0.8846529814271751,-0.05112327696126184,0.05112327696126184,0.3105130195617676,0.0,30.40270996594203,-0.0538723357160302,0.43651786628313705
258,0.8313353426131804,0.8553274682306942,-0.023992125617513738,0.023992125617513738,0.3151518404483795,-0.2932551319648091,30.39890100877716,-0.0422417605938769,0.4341326284535462
259,0.830804369014772,0.8455522971652005,-0.01474792815042858,0.01474792815042858,0.32206299901008606,-0.09775171065493637,30.39627772810931,-0.0317853110172549,0.43180504944868636
260,0.8297584471782025,0.8357771260997069,-0.006018678921504428,0.006018678921504428,0.32623735070228577,-0.09775171065493637,30.390249451102456,-0.0381074451999542,0.4304229276647701
261,0.8312802684201299,0.7869012707722387,0.044378997647891216,0.044378997647891216,0.3291827440261841,-0.4887585532746819,30.38843132818221,-0.0256741430260262,0.42904079732054334
262,0.8326561865066879,0.7771260997067451,0.05553008679994287,0.05553008679994287,0.3407001197338104,-0.09775171065493637,30.38728494320851,-0.0171075246726878,0.4302272440582986
263,0.8334370469673663,0.7869012707722387,0.04653577619512761,0.04653577619512761,0.3397846817970276,0.09775171065493637,30.382407145658668,-0.0420564599651764,0.4335270221531846
264,0.8370344384362061,0.7869012707722387,0.05013316766396736,0.05013316766396736,0.3324051797389984,0.0,30.37966983147045,-0.0316330226836998,0.43665085886044014
265,0.8392508344703307,0.7673509286412514,0.07189990582907924,0.07189990582907924,0.3257754445075989,-0.19550342130987275,30.374219318338643,-0.034920384937443,0.4371259399692634
266,0.8091015932296548,0.8162267839687196,-0.007125190739064813,0.007125190739064813,0.3198530673980713,0.4887585532746819,30.369925638428423,-0.0472568811296084,0.43760102005085993
267,0.7806257859001373,0.806451612903226,-0.025825827003088664,0.025825827003088664,0.2903413772583008,-0.09775171065493637,30.376611709594727,0.0232357078956955,0.4373821700069395
268,0.7701096884828262,0.7575757575757578,0.012533930907068447,0.012533930907068447,0.27241620421409607,-0.4887585532746819,30.37660966244689,0.0057544230283289,0.43658140386066024
269,0.7370461759584109,0.698924731182796,0.038121444775614965,0.038121444775614965,0.26244720816612244,-0.5865102639296182,30.375478912023365,-0.0062089502606647,0.4353935881430299
270,0.63305861820361,0.6500488758553278,-0.0169902576517178,0.0169902576517178,0.24379096925258636,-0.4887585532746819,30.367610310992323,-0.062638716296051,0.428316386546584
271,0.5709853575279737,0.6109481915933532,-0.03996283406537948,0.03996283406537948,0.23826634883880615,-0.3910068426197455,30.366219951174404,-0.0312494516358745,0.42123896159689783
272,0.5488198719936304,0.5718475073313787,-0.02302763533774832,0.02302763533774832,0.2242118865251541,-0.3910068426197455,30.35280505592797,-0.0870108693784141,0.4183771541097774
273,0.5300964230842785,0.5522971652003914,-0.022200742116112893,0.022200742116112893,0.21776071190834045,-0.19550342130987275,30.35053446102517,-0.0624203161039248,0.4190317604960998
274,0.502201080044687,0.5229716520039105,-0.020770571959223494,0.020770571959223494,0.2004784196615219,-0.2932551319648091,30.3557598174924,0.0161678826052116,0.42001333541570285
275,0.4771221827679176,0.5229716520039105,-0.04584946923599287,0.04584946923599287,0.19291427731513977,0.0,30.353145145425067,-0.01162776292865,0.42672767021072056
276,0.4243122076061601,0.5816226783968723,-0.1573104707907122,0.1573104707907122,0.17086470127105713,0.5865102639296182,30.3565842047133,0.0142114802973513,0.43344180472996574
277,0.386802173051766,0.4740957966764414,-0.08729362362467541,0.08729362362467541,0.12435171008110046,-1.075268817204309,30.352664129628792,-0.0141082433223297,0.43549443846618513
278,0.3635255575987042,0.4154447702834796,-0.051919212684775395,0.051919212684775395,0.12273316830396652,-0.5865102639296182,30.347789859280727,-0.035923124518646,0.43377113762132713
279,0.3472898216954142,0.32746823069403685,0.01982159100137737,0.01982159100137737,0.1204521656036377,-0.8797653958944274,30.34622253588213,-0.0166938168946684,0.43112534346786097
280,0.3319580388673346,0.27859237536656867,0.053365663500765936,0.053365663500765936,0.13063101470470428,-0.4887585532746819,30.340672536530096,-0.0588882630455291,0.41397848809340565
281,0.3285227814970908,0.3176930596285432,0.010829721868547582,0.010829721868547582,0.1375257670879364,0.3910068426197455,30.3453896171954,-3.286921529600246e-05,0.3968303656062643
282,0.3083543294478428,0.3665689149560114,-0.058214585508168604,0.058214585508168604,0.11895105987787247,0.4887585532746819,30.343885473244736,-0.0096694608736586,0.3707169621346477
283,0.2859698737676495,0.3372434017595305,-0.05127352799188101,0.05127352799188101,0.09177707135677338,-0.2932551319648091,30.34522651845804,-0.0063257402965428,0.33630766401656104
284,0.2616781272014203,0.24926686217008776,0.012411265031332552,0.012411265031332552,0.08587505668401718,-0.8797653958944274,30.33796078627,-0.0486157074803691,0.30259270644220004
285,0.2394051325663719,0.19061583577712593,0.048789296789245956,0.048789296789245956,0.09806030988693237,-0.5865102639296182,30.33774917981242,-0.0273608970604836,0.27980194538425224
286,0.2225315740830067,0.17106549364613866,0.05146608043686804,0.05146608043686804,0.115913026034832,-0.19550342130987275,30.32756706144055,-0.0685414919912743,0.2570096728087083
287,0.2142259832554887,0.14173998044965774,0.07248600280583095,0.07248600280583095,0.12639419734477997,-0.2932551319648091,30.313735194395097,-0.1148698608507163,0.24485478162478233
288,0.2297707715552429,0.2101661779081132,0.019604593647129687,0.019604593647129687,0.14544561505317688,0.6842619745845546,30.29968558781616,-0.1355181134057196,0.2425981161125613
289,0.2516370260467954,0.15151515151515138,0.100121874531644,0.100121874531644,0.13188011944293976,-0.5865102639296182,30.27935423504348,-0.1877935288846857,0.24087531102231474
290,0.2550661665367586,0.1026392961876832,0.15242687034907543,0.15242687034907543,0.15896716713905334,-0.4887585532746819,30.265322801130434,-0.1589759147329251,0.24775037837737082
291,0.2613394692923085,0.1319648093841641,0.1293746599081444,0.1293746599081444,0.1601223200559616,0.2932551319648091,30.23215558706806,-0.2673180848576131,0.25462532397381826
292,0.2563795769122221,0.19061583577712593,0.06576374113509614,0.06576374113509614,0.140774205327034,0.5865102639296182,30.210649487764044,-0.2348881106930652,0.2599211575483847
293,0.2582256280236106,0.24926686217008776,0.008958765853522843,0.008958765853522843,0.1028202548623085,0.5865102639296182,30.17669878542529,-0.2862326155957754,0.2636727189233805
294,0.2305636979596402,0.20039100684261957,0.030172691117020645,0.030172691117020645,0.051481038331985474,-0.4887585532746819,30.147487786734104,-0.3094999894513077,0.26725969720182957
295,0.2105400214467553,0.1319648093841641,0.07857521206259119,0.07857521206259119,0.025781404227018356,-0.6842619745845546,30.12611255933761,-0.2355273672856971,0.26825459787722356
296,0.1217263746169116,0.12218963831867047,-0.0004632637017588648,0.0004632637017588648,0.008279402740299702,-0.09775171065493637,30.09285617414254,-0.299838933735791,0.2692494957914531
297,0.0461508243758457,0.09286412512218956,-0.046713300746343854,0.046713300746343854,-0.03404460847377777,-0.2932551319648091,30.07113348243436,-0.246569186793275,0.2720159718808282
298,0.0384462807836711,0.07331378299120228,-0.03486750220753118,0.03486750220753118,-0.06990958005189896,-0.19550342130987275,30.03638441991334,-0.3085024670372693,0.27640188235178675
299,-0.0190691248353697,0.04398826979472137,-0.06305739463009107,0.06305739463009107,-0.10725969821214676,-0.2932551319648091,30.013319154694752,-0.2628881844239707,0.28085482259177785
300,-0.034441187728071,0.004887585532746819,-0.039328773260817816,0.039328773260817816,-0.13909928500652313,-0.3910068426197455,29.988403675022123,-0.2455032012600374,0.28645258577469435
301,-0.0884266037791662,-0.06353861192570864,-0.024887991853457553,0.024887991853457553,-0.15371964871883392,-0.6842619745845546,29.97261439043164,-0.1901387479799454,0.2920502556091784
302,-0.0860170394161434,-0.08308895405669592,-0.0029280853594474826,0.0029280853594474826,-0.15421728789806366,-0.19550342130987275,29.953035171120245,-0.1867384865961197,0.29684681961535453
303,-0.0816193054386034,-0.06353861192570864,-0.018080693512894763,0.018080693512894763,-0.15768347680568695,0.19550342130987275,29.940689515982044,-0.1529020998695115,0.30099892492325997
304,-0.0481856727492259,-0.053763440860215006,0.005577768110989104,0.005577768110989104,-0.16266921162605286,0.09775171065493637,29.928344665132503,-0.1300809850051804,0.30524054277977114
305,-0.0433797012486079,-0.014662756598240456,-0.02871694465036744,0.02871694465036744,-0.1657409369945526,0.3910068426197455,29.91967493580993,-0.103307691887181,0.31098402959652094
306,-0.0324519760568896,0.014662756598240456,-0.047114732655130054,0.047114732655130054,-0.1730797439813614,0.2932551319648091,29.91294428197853,-0.0382569344142096,0.3167274097094529
307,-0.0362095363708331,0.07331378299120228,-0.10952331936203538,0.10952331936203538,-0.1828075349330902,0.5865102639296182,29.86891709216645,-0.3390388933788821,0.3132339417009719
308,-0.0212177373886895,0.024437927663734094,-0.04565566505242359,0.04565566505242359,-0.20152993500232697,-0.4887585532746819,29.88949420651137,-0.0327917151786313,0.30119782977950443
309,-0.0315864555694561,-0.014662756598240456,-0.016923698971215644,0.016923698971215644,-0.18928444385528564,-0.3910068426197455,29.88796415984908,-0.0208074721581724,0.2895989594313414
310,-0.0392571663546941,0.024437927663734094,-0.06369509401842818,0.06369509401842818,-0.17392998933792114,0.3910068426197455,29.898903428815704,0.0624128831669617,0.28534776169358056
311,-0.0455366526782074,-0.07331378299120228,0.027777130312994884,0.027777130312994884,-0.19097822904586792,-0.9775171065493637,29.90807378736701,0.0781005221696704,0.28109651032280986
312,-0.0497800864249114,-0.1319648093841641,0.0821847229592527,0.0821847229592527,-0.1640024036169052,-0.5865102639296182,29.911629078549904,0.0361892079549909,0.27567664358449445
313,-0.0525569726217961,-0.14173998044965774,0.08918300782786165,0.08918300782786165,-0.13743673264980316,-0.09775171065493637,29.92059050506516,0.0913947910498589,0.26919676465013614
314,-0.0557145756323559,-0.1808406647116323,0.1251260890792764,0.1251260890792764,-0.1211409792304039,-0.3910068426197455,29.91825401805479,0.0037933533634004,0.26284081848052093
315,-0.0704338613680963,-0.14173998044965774,0.07130611908156144,0.07130611908156144,-0.10199807584285736,0.3910068426197455,29.939690212536245,0.1444784958623117,0.2586584667804216
316,-0.0943354939150424,-0.08308895405669592,-0.011246539858346477,0.011246539858346477,-0.11017788201570511,0.5865102639296182,29.936341223421305,0.0446911818322814,0.2544760680328038
317,-0.117570252048734,-0.12218963831867047,0.004619386269936465,0.004619386269936465,-0.12005205452442169,-0.3910068426197455,29.94512559672889,0.0745627904130544,0.2512890244977006
318,-0.1598198833055247,-0.15151515151515138,-0.008304731790373332,0.008304731790373332,-0.11089404672384262,-0.2932551319648091,29.936311835841654,-0.0574930182238726,0.24889703770293636
319,-0.1681512025462877,-0.14173998044965774,-0.026411222096629966,0.026411222096629966,-0.10538697987794876,0.09775171065493637,29.954360699983177,0.1093710271333378,0.24694071430453063
320,-0.1949095988649638,-0.1808406647116323,-0.01406893415333152,0.01406893415333152,-0.11390594393014908,-0.3910068426197455,29.955193699175915,0.0560764250856172,0.2524759075394795
321,-0.2122799307859493,-0.22971652003910048,0.01743658925315117,0.01743658925315117,-0.10807911306619644,-0.4887585532746819,29.96892708758796,0.1055065581169519,0.25801102034240775
322,-0.2141451313488503,-0.19061583577712593,-0.023529295571724368,0.023529295571724368,-0.09682230651378632,0.3910068426197455,29.972989605276283,0.0717195960604184,0.26625231939445343
323,-0.2030997543239394,-0.1808406647116323,-0.022259089612307104,0.022259089612307104,-0.11035511642694473,0.09775171065493637,29.985597550033336,0.0731513264417338,0.27668884052769416
324,-0.2192264677932489,-0.20039100684261957,-0.018835460950629324,0.018835460950629324,-0.12193143367767334,-0.19550342130987275,29.99824754151242,0.1177114877345551,0.28598719093789804
325,-0.2502998715649103,-0.2590420332355814,0.0087421616706711,0.0087421616706711,-0.12881381809711456,-0.5865102639296182,30.014800532626253,0.1394771005075417,0.27815335870860175
326,-0.2582595213174095,-0.29814271749755594,0.03988319618014646,0.03988319618014646,-0.11827918142080307,-0.3910068426197455,30.03550665437228,0.2138907152317529,0.2703193489565502
327,-0.2773451235405922,-0.23949169110459412,-0.03785343243599809,0.03785343243599809,-0.1096378043293953,0.5865102639296182,30.047524440802167,0.1409254453544015,0.2600449362357946
328,-0.3349821773365536,-0.21994134897360684,-0.11504082836294677,0.11504082836294677,-0.14036548137664795,0.19550342130987275,30.066987194104616,0.1845813205397866,0.2476799321584613
329,-0.341252993750073,-0.21994134897360684,-0.12131164477646617,0.12131164477646617,-0.16432401537895203,0.0,30.06338957982106,0.0409982222245251,0.23575437301312432
330,-0.3448029912863476,-0.26881720430107503,-0.07598578698527259,0.07598578698527259,-0.18205009400844574,-0.4887585532746819,30.084042829243867,0.1302050627591466,0.23101092094988462
331,-0.33909363012766,-0.35679374389051777,0.017700113762857794,0.017700113762857794,-0.17265573143959045,-0.8797653958944274,30.08876437078463,0.0737404405474421,0.22626741484489651
332,-0.3395403659013188,-0.34701857282502413,0.007478206923705322,0.007478206923705322,-0.1466957926750183,0.09775171065493637,30.10932996442519,0.1647953867069072,0.2224355661941351
333,-0.3299051070897426,-0.35679374389051777,0.02688863680077519,0.02688863680077519,-0.1453380137681961,-0.09775171065493637,30.12272233324965,0.146681369692192,0.21936490070579726
334,-0.3218831123146795,-0.2883675464320623,-0.03351556588261717,0.03351556588261717,-0.13598468899726868,0.6842619745845546,30.14132553434077,0.1649415517049348,0.21608025994139632
335,-0.3059649575595895,-0.2590420332355814,-0.04692292432400813,0.04692292432400813,-0.14143745601177216,0.2932551319648091,30.15512471181288,0.1638228381406837,0.20896883644253977
336,-0.2927355515597707,-0.23949169110459412,-0.053243860455176595,0.053243860455176595,-0.14022183418273926,0.19550342130987275,30.163333426613224,0.1014943192260424,0.20185730307840322
337,-0.2940678830233769,-0.2883675464320623,-0.005700336591314581,0.005700336591314581,-0.140183225274086,-0.4887585532746819,30.17946215661312,0.1521424836811605,0.20138866256603993
338,-0.2620785395044249,-0.2883675464320623,0.026289006927637415,0.026289006927637415,-0.11184195429086685,0.0,30.18143070654969,0.0639714455571719,0.206787758087368
339,-0.2477992669177446,-0.22971652003910048,-0.018082746878644113,0.018082746878644113,-0.09494943916797638,0.5865102639296182,30.201078712872327,0.1461600885157539,0.21231721901930029
340,-0.230218239939976,-0.22971652003910048,-0.0005017199008755246,0.0005017199008755246,-0.09709294140338898,0.0,30.20402694020766,0.0779157651236206,0.21987461256459556
341,-0.1747814611945049,-0.19061583577712593,0.01583437458262102,0.01583437458262102,-0.0767156183719635,0.3910068426197455,30.22221506816261,0.14495210035334,0.22743187555536445
342,-0.1723993802837508,-0.1808406647116323,0.008441284427881501,0.008441284427881501,-0.06685775518417358,0.09775171065493637,30.23049656582193,0.1148687926113803,0.2297730104363727
343,-0.1740680994834345,-0.2101661779081132,0.036098078424678715,0.036098078424678715,-0.0493222251534462,-0.2932551319648091,30.23511472398223,0.0623638193587913,0.22795957608920056
344,-0.1677372958509693,-0.22971652003910048,0.06197922418813118,0.06197922418813118,-0.017899883911013603,-0.19550342130987275,30.24389170228798,0.0901960065787528,0.22633063554706107
345,-0.1607180843719433,-0.2590420332355814,0.0983239488636381,0.0983239488636381,0.01006795559078455,-0.2932551319648091,30.2493209695542,0.0612821373690532,0.22782135669484427
346,-0.150884649412798,-0.2883675464320623,0.1374828970192643,0.1374828970192643,0.03845266252756119,-0.2932551319648091,30.26457225299525,0.1249034053923905,0.22931207257903816
347,-0.1389859506902653,-0.23949169110459412,0.10050574041432883,0.10050574041432883,0.07733682543039322,0.4887585532746819,30.2702481878401,0.0671568543623528,0.23474867530063687
348,-0.1228718492426989,-0.22971652003910048,0.10684467079640159,0.10684467079640159,0.08444448560476303,0.09775171065493637,30.27899446489485,0.0711198424840064,0.24330798925340633
349,-0.1143655514861696,-0.21994134897360684,0.10557579748743724,0.10557579748743724,0.1013750210404396,0.09775171065493637,30.28087132782424,0.0275013221056479,0.2512786184900027
350,-0.1010124140840665,-0.16129032258064502,0.06027790849657852,0.06027790849657852,0.12060827761888504,0.5865102639296182,30.27851076093788,-0.0042689079856044,0.25044050962731473
351,-0.0599944589469344,-0.12218963831867047,0.06219517937173607,0.06219517937173607,0.13097406923770905,0.3910068426197455,30.28001603152267,0.0270830912181792,0.2496023989354676
352,-0.0412439052871087,-0.03421309872922773,-0.007030806557880971,0.007030806557880971,0.14397554099559784,0.8797653958944274,30.273055480081297,-0.0471787487811862,0.2514880529873504
353,-0.0279924142421923,0.024437927663734094,-0.052430341905926395,0.052430341905926395,0.1411893665790558,0.5865102639296182,30.281286132301343,0.049428112258554,0.2555623914331787
354,0.0051937765212977,0.03421309872922773,-0.02901932220793003,0.02901932220793003,0.1434299349784851,0.09775171065493637,30.2711789692224,-0.0522167310172444,0.2598337261145399
355,0.0092295076823361,0.04398826979472137,-0.034758762112385266,0.034758762112385266,0.15536309778690338,0.09775171065493637,30.284635242157083,0.0630798353783808,0.2676108521718908
356,0.0127083338145963,-0.014662756598240456,0.02737109041283676,0.02737109041283676,0.16804465651512146,-0.5865102639296182,30.27683687123171,-0.0285077356238296,0.275387809916127
357,0.0126746366174864,-0.004887585532746819,0.017562222150233217,0.017562222150233217,0.19937078654766083,0.09775171065493637,30.278526367056887,-0.0101962605644437,0.27621694125938795
358,0.0097385638167109,0.06353861192570864,-0.053800048108997744,0.053800048108997744,0.2138056755065918,0.6842619745845546,30.27693981935107,-0.0098733883737186,0.2708671432504836
359,0.0027829979598411,0.04398826979472137,-0.04120527183488027,0.04120527183488027,0.21084754168987274,-0.19550342130987275,30.268828953882423,-0.0585724965865737,0.26581028967955933
360,-0.0027418591103922,0.053763440860215006,-0.05650529997060721,0.05650529997060721,0.23021548986434937,0.09775171065493637,30.275270724656856,0.0244110531807156,0.2658127527533449
361,-0.0046007821096127,-0.014662756598240456,0.010061974488627756,0.010061974488627756,0.2330617755651474,-0.6842619745845546,30.27187084195232,-0.0095179943626279,0.26581521582711365
362,-0.0024200928286394,-0.04398826979472137,0.04156817696608197,0.04156817696608197,0.26139137148857117,-0.2932551319648091,30.28423893663784,0.0828481513151175,0.26514422608608534
363,0.0013928165375805,-0.06353861192570864,0.06493142846328914,0.06493142846328914,0.28232213854789734,-0.19550342130987275,30.2660570760635,-0.1027544347756363,0.2638661973420149
364,0.0204477421143381,0.014662756598240456,0.005784985516097643,0.005784985516097643,0.3052457571029663,0.782013685239491,30.2611584390663,-0.0821369850774096,0.26218341382448784
365,0.0224236143563553,0.03421309872922773,-0.01178948437287243,0.01178948437287243,0.30104032158851624,0.19550342130987275,30.24613213081319,-0.1165780228683405,0.25346753864476845
366,0.0041691126881936,0.014662756598240456,-0.010493643910046856,0.010493643910046856,0.3014082610607147,-0.19550342130987275,30.233312569044983,-0.1218133626407945,0.2447514632455251
367,0.0016245088796278,-0.024437927663734094,0.026062436543361895,0.026062436543361895,0.3011721074581146,-0.3910068426197455,30.23141327930292,-0.0370081435328233,0.24348475170903613
368,0.0149958188029078,-0.06353861192570864,0.07853443072861645,0.07853443072861645,0.31169643998146057,-0.3910068426197455,30.22033783493299,-0.0868978691952069,0.24806506100841408
369,0.0099434920043204,-0.014662756598240456,0.024606248602560856,0.024606248602560856,0.326771080493927,0.4887585532746819,30.221495204856748,-0.0216188243204826,0.252622985552011
370,0.0135354856890041,0.053763440860215006,-0.0402279551712109,0.0402279551712109,0.31078580021858215,0.6842619745845546,30.20844857263008,-0.1029521892187668,0.25679763370322145
371,0.0158348303216472,0.053763440860215006,-0.0379286105385678,0.0379286105385678,0.29990115761756897,0.0,30.208469215785875,-0.0456504177114578,0.2609722353187979
372,0.0174649826473176,0.07331378299120228,-0.05584880034388468,0.05584880034388468,0.3022769093513489,0.19550342130987275,30.194189833851592,-0.0976010802521803,0.26262990620881593
373,0.0178505973497052,0.08308895405669592,-0.06523835670699071,0.06523835670699071,0.3002980649471283,0.09775171065493637,30.18684320936158,-0.0956910865537184,0.2621713632973906
374,0.0296913454509496,0.1026392961876832,-0.07294795073673359,0.07294795073673359,0.3084565997123718,0.19550342130987275,30.17946001887044,-0.0649531381186148,0.261623890275802
375,0.0401251678936307,0.16129032258064502,-0.12116515468701432,0.12116515468701432,0.31710362434387207,0.5865102639296182,30.16498422577424,-0.1232452104592837,0.25963892951426953
376,0.0686410096840075,0.1319648093841641,-0.0633237997001566,0.0633237997001566,0.31512752175331116,-0.2932551319648091,30.160370329842053,-0.0608788839537767,0.2576539581151701
377,0.1471565530213088,0.053763440860215006,0.0933931121610938,0.0933931121610938,0.3324850797653198,-0.782013685239491,30.14132858779112,-0.1484023821289542,0.25270922870273915
378,0.1726481391211716,0.08308895405669592,0.08955918506447569,0.08955918506447569,0.37396928668022156,0.2932551319648091,30.139040114326168,-0.0704435023108598,0.24538993946671117
379,0.1670346435523521,0.15151515151515138,0.01551949203720071,0.01551949203720071,0.39241138100624084,0.6842619745845546,30.11210161575812,-0.2100063119047071,0.2382911080987855
380,0.1698333001663825,0.21994134897360684,-0.05010804880722433,0.05010804880722433,0.3925740420818329,0.6842619745845546,30.107045859507632,-0.1289166324254117,0.23485142717036397
381,0.1975704260840839,0.23949169110459412,-0.04192126502051022,0.04192126502051022,0.3851150870323181,0.19550342130987275,30.10121727027568,-0.0600593330903633,0.23141171735216756
382,0.2795555379919253,0.20039100684261957,0.07916453114930572,0.07916453114930572,0.3962101340293884,-0.3910068426197455,30.10219211207814,-0.0355829060812901,0.23190879452692964
383,0.2826965922496599,0.1808406647116323,0.10185592753802758,0.10185592753802758,0.41203221678733826,-0.19550342130987275,30.07346313559152,-0.1918858435574869,0.23575908293898745
384,0.2788816930226028,0.2590420332355814,0.019839659787021402,0.019839659787021402,0.4246636927127838,0.782013685239491,30.081263633095,-0.0445472552845907,0.23960709070553446
385,0.285579945163059,0.35679374389051777,-0.07121379872745875,0.07121379872745875,0.4087115228176117,0.9775171065493637,30.070093871180426,-0.0697818964309847,0.24342004374250956
386,0.2892441131177052,0.32746823069403685,-0.03822411757633165,0.03822411757633165,0.3717249929904938,-0.2932551319648091,30.059853278790527,-0.1048218824897846,0.2472329599831507
387,0.2885986422985945,0.32746823069403685,-0.038869588395442356,0.038869588395442356,0.3657335937023163,0.0,30.0631999235314,-0.0046226947638419,0.24953490087212518
388,0.27659481627109,0.2590420332355814,0.017552783035508612,0.017552783035508612,0.3530859351158142,-0.6842619745845546,30.04241005487091,-0.1469051508162461,0.2506332208959774
389,0.2788909916825499,0.26881720430107503,0.010073787381474852,0.010073787381474852,0.35979408025741577,0.09775171065493637,30.03435273199914,-0.1123229853248218,0.2516630080553989
390,0.28334281283188,0.32746823069403685,-0.044125417862156846,0.044125417862156846,0.3499772548675537,0.5865102639296182,30.01705454906092,-0.1426305954435657,0.25161598872014523
391,0.2753002777961555,0.3176930596285432,-0.042392781832387705,0.042392781832387705,0.3276744484901428,-0.09775171065493637,30.01425668645012,-0.0830816298523061,0.25156896937910644
392,0.2672921495461451,0.29814271749755594,-0.030850567951410834,0.030850567951410834,0.316507488489151,-0.19550342130987275,30.013457579594025,-0.023739931374162,0.2527765503107238
393,0.2621532766669021,0.29814271749755594,-0.03598944083065386,0.03598944083065386,0.3136165142059326,0.0,30.0051669917486,-0.0654435763533782,0.25507610481765125
394,0.2680287140259871,0.26881720430107503,-0.0007884902750879275,0.0007884902750879275,0.30732834339141846,-0.2932551319648091,30.00573227839469,-0.0044507114024591,0.2574700307769317
395,0.2742940284329677,0.2883675464320623,-0.01407351799909462,0.01407351799909462,0.3108997344970703,0.19550342130987275,29.98940477874024,-0.10820959155678,0.26164630070816547
396,0.2764966187911259,0.3079178885630496,-0.031421269771923666,0.031421269771923666,0.301721453666687,0.19550342130987275,29.988440526051768,-0.0472170348026323,0.26582252318703536
397,0.3013519651292255,0.34701857282502413,-0.04566660769579861,0.04566660769579861,0.29337573051452637,0.3910068426197455,29.973282542097728,-0.1232018836631086,0.2658592588344008
398,0.3032890506512886,0.37634408602150504,-0.07305503537021646,0.07305503537021646,0.27561286091804504,0.2932551319648091,29.974928617531617,-0.0314758173052012,0.2622560942632351
399,0.3012901048579036,0.35679374389051777,-0.05550363903261418,0.05550363903261418,0.25659599900245667,-0.19550342130987275,29.96359998249687,-0.084128845629827,0.25847428885545193
400,0.2936174825574877,0.35679374389051777,-0.06317626133303006,0.06317626133303006,0.24624353647232056,0.0,29.964586234208664,-0.0277803368095313,0.25249075976410257
401,0.2971965481844323,0.3665689149560114,-0.0693723667715791,0.0693723667715791,0.23169375956058502,0.09775171065493637,29.9638740794759,-0.010764285744118,0.2465071366751134
402,0.2945494071846475,0.32746823069403685,-0.03291882350938935,0.03291882350938935,0.21347752213478088,-0.3910068426197455,29.96139845704161,-0.0145295743452423,0.2427808888455394
403,0.2946101515267011,0.3079178885630496,-0.013307737036348466,0.013307737036348466,0.21000857651233673,-0.19550342130987275,29.96538564857909,0.0382453510807061,0.24104506002555362
404,0.294663404289697,0.29814271749755594,-0.003479313207858936,0.003479313207858936,0.20333264768123627,-0.09775171065493637,29.965559471422853,-0.0086614650823491,0.23881702610454392
405,0.2893173855970621,0.29814271749755594,-0.008825331900493838,0.008825331900493838,0.1934911161661148,0.0,29.980500671319177,0.1098634698844616,0.2289344500359253
406,0.2820259388589678,0.29814271749755594,-0.016116778638588125,0.016116778638588125,0.18325747549533844,0.0,29.97335162302583,-0.0046068996479205,0.2190516415008051
407,0.2772875078983688,0.24926686217008776,0.028020645728281057,0.028020645728281057,0.17403246462345123,-0.4887585532746819,29.981964979233567,0.0635637530204642,0.2117547593132955
408,0.2745502212288715,0.2101661779081132,0.06438404332075831,0.06438404332075831,0.1798975020647049,-0.3910068426197455,29.96397855791418,-0.1031004895127103,0.20683645492858654
409,0.2731286342943563,0.22971652003910048,0.04341211425525582,0.04341211425525582,0.18730123341083527,0.19550342130987275,29.96613255452856,-0.0210261901480103,0.20191206814360996
410,0.271848452662135,0.24926686217008776,0.02258159049204722,0.02258159049204722,0.1826319843530655,0.19550342130987275,29.954719338786305,-0.0806575231580831,0.19688121551945015
411,0.2698400795406563,0.24926686217008776,0.020573217370568553,0.020573217370568553,0.16908515989780426,0.0,29.97464168647529,0.0870990782186642,0.19185031109539064
412,0.2384055732608214,0.2590420332355814,-0.02063645997475999,0.02063645997475999,0.1567358672618866,0.09775171065493637,29.982360850799893,0.1031060000093653,0.1906289302200242
413,0.1898588582450148,0.19061583577712593,-0.000756977532111125,0.000756977532111125,0.13782869279384613,-0.6842619745845546,29.990844290924297,0.0823068449024275,0.1924686906929617
414,0.1764649243809153,0.15151515151515138,0.024949772865763914,0.024949772865763914,0.14158667623996735,-0.3910068426197455,30.00146171704787,0.1064775179747977,0.1943822306950554
415,0.1427905615261838,0.11241446725317683,0.03037609427300697,0.03037609427300697,0.128862664103508,-0.3910068426197455,30.0005333524867,0.0248140943912805,0.1975267867103827
416,0.1263611691079496,0.15151515151515138,-0.02515398240720179,0.02515398240720179,0.1280699521303177,0.3910068426197455,30.00958318110044,0.070144798416516,0.20067132242178537
417,0.1196863444640998,0.2101661779081132,-0.0904798334440134,0.0904798334440134,0.11826397478580475,0.5865102639296182,30.00848791142552,0.0152172343346585,0.2022469950390227
418,0.1103389400416199,0.20039100684261957,-0.09005206680099967,0.09005206680099967,0.09334777295589447,-0.09775171065493637,30.02185835837528,0.0940836460458807,0.2022762255800448
419,0.0491557872679577,0.11241446725317683,-0.06325867998521914,0.06325867998521914,0.07421208173036575,-0.8797653958944274,30.02677473609144,0.0667502526522336,0.20227736582459013
420,0.03712819267501,0.004887585532746819,0.03224060714226318,0.03224060714226318,0.09183679521083832,-1.0752688172043001,30.035456683742403,0.0702088454668173,0.20181724182433197
421,0.0359615291460851,-0.004887585532746819,0.04084911467883192,0.04084911467883192,0.11881380528211594,-0.09775171065493637,30.041777373203963,0.0737130792993504,0.2013571173798987
422,0.0353142046025396,0.024437927663734094,0.01087627693880551,0.01087627693880551,0.12401503324508667,0.2932551319648091,30.04538258548805,0.0477676773429605,0.20176690197276106
423,0.0446908950534266,0.07331378299120228,-0.028622887937775683,0.028622887937775683,0.12088972330093384,0.4887585532746819,30.05284288103388,0.070896906672082,0.2028943065019119
424,0.0450306080264096,0.04398826979472137,0.0010423382316882349,0.0010423382316882349,0.10507296770811081,-0.2932551319648091,30.058354694154627,0.0463771684424782,0.20375996197444393
425,0.0448718512627738,0.014662756598240456,0.030209094664533344,0.030209094664533344,0.10949034243822098,-0.2932551319648091,30.073689991074943,0.1307368397308819,0.20026184414146206
426,0.0438837534492896,-0.024437927663734094,0.0683216811130237,0.0683216811130237,0.11680791527032852,-0.3910068426197455,30.069394230478547,0.012960646667682,0.19676370083353564
427,0.0471777156040696,-0.014662756598240456,0.06184047220231006,0.06184047220231006,0.13380391895771027,0.09775171065493637,30.087018920169857,0.1313207449983748,0.19105548069992348
428,0.0394877235082118,-0.024437927663734094,0.0639256511719459,0.0639256511719459,0.13556332886219025,-0.09775171065493637,30.08457984427097,0.0412817929376639,0.1835913194580488
429,0.0367253279195488,-0.014662756598240456,0.051388084517789256,0.051388084517789256,0.145663782954216,0.09775171065493637,30.089548976937223,0.0388640413976853,0.1764174649305253
430,0.0347639770023,-0.004887585532746819,0.03965156253504682,0.03965156253504682,0.14810346066951752,0.09775171065493637,30.094160651353032,0.0481242359434458,0.17416769674805485
431,0.0343156424183016,0.03421309872922773,0.00010254368907387096,0.00010254368907387096,0.14945608377456665,0.3910068426197455,30.103537675078687,0.0815296345207728,0.1719179194024559
432,0.0362240192967816,0.053763440860215006,-0.017539421563433404,0.017539421563433404,0.14051586389541626,0.19550342130987275,30.10864233104236,0.0682761495696139,0.17254211067041966
433,0.0390672706410052,0.024437927663734094,0.014629342977271108,0.014629342977271108,0.13370636105537415,-0.2932551319648091,30.114513396911097,0.0669182100125429,0.17553426441201306
434,0.0420038773260737,0.024437927663734094,0.017565949662339604,0.017565949662339604,0.13948121666908264,0.0,30.125645298862096,0.0996202383030906,0.1783633867505681
435,0.0433440518107293,-0.004887585532746819,0.048231637343476116,0.048231637343476116,0.1358872801065445,-0.2932551319648091,30.127064141895907,0.0308760394557376,0.17841043342564172
436,0.0342846367750509,0.004887585532746819,0.02939705124230408,0.02939705124230408,0.14223873615264893,0.09775171065493637,30.137840206553022,0.0894362205903348,0.17845748009661058
437,0.0302222649717088,0.024437927663734094,0.005784337307974705,0.005784337307974705,0.1350637823343277,0.19550342130987275,30.132909151024656,-7.653724300934273e-05,0.17508930027712488
438,0.0255137505118272,0.12218963831867047,-0.09667588780684327,0.09667588780684327,0.12284301221370697,0.9775171065493637,30.14438328844265,0.0710177735164425,0.1685631305885536
439,0.0199609225601033,0.06353861192570864,-0.04357768936560534,0.04357768936560534,0.08240649849176407,-0.5865102639296182,30.143890635759973,0.0237761932351287,0.16187803623512861
440,0.013148184607627,0.024437927663734094,-0.011289743056107094,0.011289743056107094,0.08394039422273636,-0.3910068426197455,30.147076348784704,0.0265749465656673,0.152675231052366
441,-0.0038767079889516,-0.08308895405669592,0.07921224606774432,0.07921224606774432,0.07486233115196228,-1.0752688172043001,30.15824321283273,0.0800857460591455,0.14347229147473983
442,-0.0518210383584806,-0.12218963831867047,0.07036859996018988,0.07036859996018988,0.08623278886079788,-0.3910068426197455,30.159513791111163,0.0377364982084778,0.13183077170749674
443,-0.1585307116890385,-0.07331378299120228,-0.08521692869783623,0.08521692869783623,0.08447414636611938,0.4887585532746819,30.15963314466688,-0.0063509334669529,0.11809737264227745
444,-0.2090778783403006,-0.07331378299120228,-0.1357640953490983,0.1357640953490983,0.0540732704102993,0.0,30.163760212699334,0.0284206331395953,0.10307863953244284
445,-0.2727696216926611,-0.15151515151515138,-0.12125447017750973,0.12125447017750973,0.023905230686068535,-0.782013685239491,30.17544568848413,0.0846478532615193,0.06794350707820028
446,-0.2933724787470451,-0.2590420332355814,-0.03433044551146369,0.03433044551146369,0.027272187173366547,-1.0752688172043001,30.175508489472648,0.0382510323082025,0.03280750300606809
447,-0.3221534475126288,-0.2883675464320623,-0.033785901080566505,0.033785901080566505,0.042973197996616364,-0.2932551319648091,30.19736122084664,0.1522744333502342,-0.009769694879511128
448,-0.3539507304279405,-0.29814271749755594,-0.055808012930384565,0.055808012930384565,0.042115531861782074,-0.09775171065493637,30.20812939041598,0.1298061624718212,-0.0594298561970421
449,-0.3718077359837444,-0.3372434017595305,-0.0345643342242139,0.0345643342242139,0.03706745430827141,-0.3910068426197455,30.21715622844042,0.1035363005099111,-0.10779896762157803
450,-0.3840258454420757,-0.40566959921798595,0.02164375377591027,0.02164375377591027,0.04181727021932602,-0.6842619745845546,30.22459496738009,0.08610795830392,-0.13460638291649735
451,-0.3798230345292306,-0.4447702834799605,0.0649472489507299,0.0649472489507299,0.06301574409008026,-0.3910068426197455,30.214305099229502,-0.0611111007269576,-0.16141279289257324
452,-0.394922284539879,-0.3861192570869987,-0.008803027452880308,0.008803027452880308,0.0794931948184967,0.5865102639296182,30.22483534012976,0.0469168321395288,-0.19092895954101266
453,-0.3942156421725086,-0.37634408602150504,-0.017871556151003554,0.017871556151003554,0.0693705677986145,0.09775171065493637,30.23099019020704,0.0579351904604548,-0.22266562478531313
454,-0.4132665669405325,-0.43499511241446687,0.02172854547393438,0.02172854547393438,0.06970041245222092,-0.5865102639296182,30.24557133958563,0.1186920106773614,-0.25391446759327035
455,-0.4214186884421513,-0.45454545454545414,0.03312676610330284,0.03312676610330284,0.08871041983366013,-0.19550342130987275,30.258158338238065,0.1292139237174493,-0.2766066483173414
456,-0.4152660797837609,-0.4936461388074287,0.07838005902366779,0.07838005902366779,0.0975138396024704,-0.3910068426197455,30.27471780927552,0.1375394471901767,-0.29929734790616164
457,-0.4250566090246086,-0.5327468230694041,0.10769021404479551,0.10769021404479551,0.11405408382415771,-0.3910068426197544,30.28468678774669,0.1168034923403535,-0.31769208688506706
458,-0.423599053983744,-0.5131964809384169,0.08959742695467288,0.08959742695467288,0.13287310302257538,0.19550342130987275,30.28916526729725,0.0590019765628056,-0.3322242879263382
459,-0.4317358766834774,-0.4154447702834796,-0.016291106399997812,0.016291106399997812,0.1286122053861618,0.9775171065493726,30.287966536941354,0.0136103450588287,-0.34636877160640744
460,-0.4360879684194956,-0.40566959921798595,-0.030418369201509643,0.030418369201509643,0.09586581587791443,0.09775171065493637,30.28143016224657,-0.0471276815806106,-0.3540267780131471
461,-0.4386743634993635,-0.4447702834799605,0.006095919980596998,0.006095919980596998,0.08331788331270218,-0.3910068426197455,30.289304779130298,0.0287440969557403,-0.36168456840516666
462,-0.4416442755944808,-0.4936461388074287,0.05200186321294792,0.05200186321294792,0.08434702455997467,-0.4887585532746819,30.29112584371705,0.0149618801858657,-0.3662409608082432
463,-0.4431747767352352,-0.5522971652003914,0.1091223884651562,0.1091223884651562,0.091496042907238,-0.5865102639296271,30.30024021831996,0.0668915582016481,-0.3679647329322699
464,-0.4522228100005946,-0.562072336265885,0.10984952626529043,0.10984952626529043,0.10549317300319672,-0.09775171065493637,30.302616788197906,0.0465026218727137,-0.3693975452687615
465,-0.4502180603515864,-0.5425219941348978,0.09230393378331136,0.09230393378331136,0.10659763962030411,0.19550342130987275,30.309400706321245,0.0483149526036192,-0.36627530969485683
466,-0.4556301476564363,-0.5229716520039105,0.06734150434747421,0.06734150434747421,0.0940869003534317,0.19550342130987275,30.31504240178436,0.0510792700781568,-0.3631530369664034
467,-0.4930950916063371,-0.5131964809384169,0.020101389332079778,0.020101389332079778,0.07509054988622665,0.09775171065493637,30.320401319483064,0.0419254387359762,-0.361758290994696
468,-0.6214679001023755,-0.562072336265885,-0.05939556383649047,0.05939556383649047,0.043468110263347626,-0.4887585532746819,30.332284599083536,0.0860687429091568,-0.3617567250024764
469,-0.7490663523227997,-0.5816226783968723,-0.1674436739259274,0.1674436739259274,0.01740238443017006,-0.19550342130987275,30.335758931351734,0.0632507737788024,-0.3620066948632482
470,-0.744472518697652,-0.6500488758553278,-0.09442364284232418,0.09442364284232418,-0.003921411000192165,-0.6842619745845546,30.330466765571845,-0.0101553458179978,-0.36632375610542456
471,-0.7457856398913518,-0.7282502443792769,-0.017535395512074947,0.017535395512074947,-0.006224428303539753,-0.782013685239491,30.337801318518,0.0401515899657457,-0.3706407463076959
472,-0.750719293672092,-0.7086999022482896,-0.0420193914238024,0.0420193914238024,-0.00013821199536323547,0.19550342130987275,30.345664987235903,0.0709550250402396,-0.37679460351116323
473,-0.7757160848227902,-0.669599217986315,-0.10611686683647514,0.10611686683647514,-0.017985351383686066,0.3910068426197455,30.351323136670644,0.0629485429991746,-0.384421864513457
474,-0.8701115534344753,-0.6598240469208214,-0.2102875065136539,0.2102875065136539,-0.05443992093205452,0.09775171065493637,30.354169861520056,0.0277466088493848,-0.39137665590675447
475,-0.8778107964827622,-0.7184750733137832,-0.15933572316897893,0.15933572316897893,-0.08236530423164368,-0.5865102639296182,30.358807675287668,0.0437191663128013,-0.38731893955053814
476,-0.8758726226679734,-0.8357771260997069,-0.0400954965682665,0.0400954965682665,-0.08893600106239319,-1.1730205278592365,30.356631372014945,0.0157596554194652,-0.38326115682326495
477,-0.8720129810644569,-0.8553274682306942,-0.01668551283376274,0.01668551283376274,-0.07062053680419922,-0.19550342130987275,30.355440747565268,0.009782227645322,-0.3784785956586045
478,-0.8667292860422671,-0.9335288367546433,0.0667995507123762,0.0667995507123762,-0.07159139215946198,-0.782013685239491,30.35681455159857,0.0101876068636597,-0.3730969995241141
479,-0.8633084041426086,-0.8944281524926687,0.03111974835006015,0.03111974835006015,-0.05158150941133499,0.3910068426197455,30.35759729383013,-0.0138876291593559,-0.3673011449046106
480,-0.865679537401625,-0.8357771260997069,-0.029902411301918064,0.029902411301918064,-0.06449390947818756,0.5865102639296182,30.355932204624192,-0.0256483978860005,-0.35512487618244243
481,-0.8586998912206752,-0.8846529814271751,0.02595309020649983,0.02595309020649983,-0.08281490206718445,-0.4887585532746819,30.35590816940181,-0.0015301967218222,-0.3429480596114478
482,-0.8617065872051098,-0.9237536656891496,0.062047078484039786,0.062047078484039786,-0.07325279712677002,-0.3910068426197455,30.354141346674822,-0.0055626014158564,-0.3338611700478496
483,-0.887943698870908,-0.8944281524926687,0.006484453621760755,0.006484453621760755,-0.0693829283118248,0.2932551319648091,30.350812186949145,-0.0110314430456428,-0.3272361417849564
484,-0.8947279353288786,-0.8162267839687196,-0.078501151360159,0.078501151360159,-0.08287785202264786,0.782013685239491,30.36019431959427,0.0415562621104807,-0.32144841603975705
485,-0.8992068666253829,-0.7673509286412514,-0.13185593798413142,0.13185593798413142,-0.10529020428657532,0.4887585532746819,30.36823893360232,0.0747288637066143,-0.3302461507836761
486,-0.906125109375594,-0.7478005865102642,-0.15832452286532983,0.15832452286532983,-0.1220303550362587,0.19550342130987275,30.37124779569529,0.0397692673062531,-0.33904361962602936
487,-0.9023978301728488,-0.8553274682306942,-0.04707036194215464,0.04707036194215464,-0.13840684294700623,-1.0752688172043001,30.37477490973936,0.0252022971761428,-0.34269723938044616
488,-0.8884411758524557,-0.8846529814271751,-0.0037881944252806665,0.0037881944252806665,-0.10264447331428528,-0.2932551319648091,30.37884699522572,0.0457831082038282,-0.341404353172324
489,-0.8884508078356285,-0.9433040078201369,0.05485319998450844,0.05485319998450844,-0.0823959931731224,-0.5865102639296182,30.369229933343995,-0.0505755345175919,-0.34029089659754824
490,-0.8863819488993054,-0.8944281524926687,0.008046203593363277,0.008046203593363277,-0.053390659391880035,0.4887585532746819,30.36481522043184,-0.0480633766884339,-0.34208863509329523
491,-0.8732203832327727,-0.8944281524926687,0.02120776925989598,0.02120776925989598,-0.055273763835430145,0.0,30.36877848544683,0.0047172319591812,-0.3438863620868833
492,-0.8681025040070885,-0.8553274682306942,-0.012775035776394383,0.012775035776394383,-0.04221690073609352,0.3910068426197455,30.3698000787384,0.00712377053886,-0.34682741200150696
493,-0.8548349708696071,-0.8944281524926687,0.03959318162306158,0.03959318162306158,-0.037642255425453186,-0.3910068426197455,30.37384115123776,0.025400971554482,-0.35067562894216836
494,-0.8599347612212861,-0.8846529814271751,0.024718220205888985,0.024718220205888985,-0.014483997598290443,0.09775171065493637,30.37249631595135,-0.0032462292458232,-0.3541223268602505
495,-0.8433020360184709,-0.8455522971652005,0.0022502611467296596,0.0022502611467296596,0.0015759803354740143,0.3910068426197455,30.372779620755885,0.0041905493716309,-0.3512026227380213
496,-0.841009323479405,-0.806451612903226,-0.03455771057617907,0.03455771057617907,0.007668282836675644,0.3910068426197455,30.368632292679287,-0.0216793558429737,-0.3482828874657206
497,-0.8302753737701267,-0.8357771260997069,0.005501752329580167,0.005501752329580167,0.00975236389786005,-0.2932551319648091,30.36077805203613,-0.055379291137475,-0.3473546869590666
498,-0.8125558528008165,-0.8357771260997069,0.023221273298890344,0.023221273298890344,0.0346037894487381,0.0,30.36050251690828,-0.0233702019539822,-0.34808205247449153
499,-0.8170619041022432,-0.8162267839687196,-0.0008351201335236036,0.0008351201335236036,0.05284198001027107,0.19550342130987275,30.360227063648217,0.0007468706305473,-0.3489799554095566
